id,captured_date,source_community,source_url,published_date,question,buyer_signal,source_quality,target_page,fy_answer_angle,status
CQ-001,2026-08-24,r/tradeshows,https://www.reddit.com/r/tradeshows/comments/1vsq8fi/trade_show_giveaways/,2026-08-19,"What trade show giveaway would people actually want to keep and put on a desk?","Retention and usefulness matter more than novelty",A-authentic-buyer,/trade-show-giveaway-kits/,"Choose by audience and booth objective; reserve better items for qualified conversations",selected
CQ-002,2026-08-24,r/tradeshows,https://www.reddit.com/r/tradeshows/comments/1u94tdq/any_other_ideas_for_simple_booth_giveaways_that/,2026-06-18,"How can we offer something useful without attracting only people who want a free item?","Giveaway value can conflict with lead quality",A-authentic-buyer,/trade-show-giveaway-kits/,"Use visitor tiers and handoff rules instead of one item for every visitor",selected
CQ-003,2026-08-24,r/tradeshows,https://www.reddit.com/r/tradeshows/comments/1v3jqv4/promotional_logo_item/,2026-07-22,"What promotional item do people actually use or like?","Buyers want useful items that survive beyond the event",A-authentic-buyer,/trade-show-giveaway-kits/,"Evaluate usefulness portability quality and branding area before unit price",selected
CQ-004,2026-08-24,r/marketing,https://www.reddit.com/r/marketing/comments/1l3h5tl/name_drop_your_best_ever_tradeshow/,2025-06-05,"What is the best trade show giveaway or promotion you have actually seen work?","Marketers seek observed outcomes rather than generic idea lists",A-authentic-practitioner,/trade-show-giveaway-kits/,"Match the item to the audience event moment and follow-up path",queued
CQ-005,2026-08-24,r/humanresources,https://www.reddit.com/r/humanresources/comments/112e70r/,2023-02-14,"Which service can curate and distribute onboarding welcome boxes across several countries?","Multi-country distribution and curation are core HR constraints",A-authentic-buyer,/employee-onboarding-kits/,"Separate product sourcing kit assembly address collection and country-by-country shipping feasibility",selected
CQ-006,2026-08-24,r/humanresources,https://www.reddit.com/r/humanresources/comments/11naww5/new_employee_package/,2023-03-10,"What should we include to improve a new employee swag package?","Employees value fewer useful higher-quality items",A-authentic-buyer,/employee-onboarding-kits/,"Build around role work setting climate sizing and everyday use",selected
CQ-007,2026-08-24,r/humanresources,https://www.reddit.com/r/humanresources/comments/mkedi5/onboarding_process_for_new_employees/,2021-04-05,"When should a remote new-hire swag box be sent?","Arrival timing is part of the onboarding experience",A-authentic-practitioner,/employee-onboarding-kits/,"Plan backward from the start date and confirm address artwork stock production packing and transit",queued
CQ-008,2026-08-24,r/smallbusiness,https://www.reddit.com/r/smallbusiness/comments/1rbz8uu/does_a_service_like_this_exist_for_small/,2026-02-22,"Can a provider design assemble and ship about 20 custom branded gift boxes?","Small batches need clear separation of packaging MOQ and assembly quantity",A-authentic-buyer,/custom-gift-boxes-packaging/,"Quote stock packaging plus labels sleeves or inserts separately from fully custom boxes",selected
CQ-009,2026-08-24,r/smallbusiness,https://www.reddit.com/r/smallbusiness/comments/1qaxe6i/is_finding_custom_packaging_with_low_moqs_still_a/,2026-01-12,"Is low-MOQ custom packaging still difficult at a reasonable quality and price?","Buyers confuse low-volume decoration with fully custom packaging manufacture",B-authentic-question-mixed-comments,/custom-gift-boxes-packaging/,"Explain the customization ladder from stock box and sticker to sleeve printing and fully custom structure",selected
CQ-010,2026-08-24,r/smallbusiness,https://www.reddit.com/r/smallbusiness/comments/1cd0bdi/small_business_corporate_gifts/,2024-04-25,"Where can I source quality custom-color gift boxes without ordering wholesale quantities?","Color and structure customization create setup and inventory pressure",B-authentic-question-low-engagement,/custom-gift-boxes-packaging/,"Confirm stock sizes color tolerance decoration method and sample route before promising low MOQ",queued
CQ-011,2026-08-24,r/printful,https://www.reddit.com/r/printful/comments/hx3p62/printful_mug_quality_control/,2020-07-24,"How can buyers avoid crooked or blurry mug prints in custom orders?","Artwork alignment and sample approval are visible quality risks",A-authentic-product-experience,/catalog/gift-sets/premium-ceramic-mug-towel-gift-box/,"Review printable area artwork resolution alignment tolerance and physical sample before bulk approval",selected
CQ-012,2026-08-24,r/KitchenConfidential,https://www.reddit.com/r/KitchenConfidential/comments/1am1gbw/mug_recommendations_with_logo_options/,2024-02-08,"Will a custom mug logo survive repeated washing without fading or peeling?","Logo durability depends on surface use and decoration method",A-authentic-use-case,/catalog/gift-sets/smart-heated-ceramic-mug-gift-set/,"Match the decoration method to ceramic use and washing conditions; confirm with a decorated sample",selected
CQ-013,2026-08-24,r/Alibaba,https://www.reddit.com/r/Alibaba/comments/1v82xfy/first_time_buyer_this_is_exhausting/,2026-07-27,"Which supplier behaviors are red flags before a first 100-unit custom order?","Buyers fear ignored specifications rushed quotes and off-platform pressure",A-authentic-buyer,/corporate-gift-kits/,"Require a written brief questions artwork confirmation sample route and milestone record",selected
CQ-014,2026-08-24,r/Alibaba,https://www.reddit.com/r/Alibaba/comments/1c57vag/sample_time_for_custom_designs_should_it_take/,2024-04-16,"Does slow sample production predict unreliable bulk lead time?","Sampling speed and bulk capacity are related but not identical",A-authentic-buyer,/corporate-gift-kits/,"Separate artwork approval sample-making queue raw-material readiness production capacity and shipping time",selected
CQ-015,2026-08-24,r/Alibaba,https://www.reddit.com/r/Alibaba/comments/1nrkqml/samples_vs_low_moq/,2025-09-27,"Why can a listing show a very low MOQ while custom branding requires more units?","Ready-stock MOQ and customization MOQ are different commercial facts",A-authentic-buyer,/catalog/gift-sets/,"Show MOQ per configuration and logo method; never publish one sitewide MOQ",selected
